Model,Best Params,Precision,Recall,F1,Training Time (s),Search Type
Logistic Regression,"{'C': 10, 'penalty': 'l2'}",0.9759519038076152,0.9844065838868034,0.9801610120759057,4.538009881973267,grid
XGBoost,"{'subsample': 1.0, 'max_depth': 5, 'learning_rate': 0.1}",0.921352377508588,0.9810376359611127,0.950258729196774,86.27928924560547,randomized
Random Forest,"{'n_estimators': 50, 'min_samples_split': 5, 'max_depth': None}",0.9773968010726942,0.9822889594763692,0.9798367738838214,67.98449778556824,randomized
LightGBM,"{'num_leaves': 127, 'min_child_samples': 50, 'learning_rate': 0.1}",0.9794148479939007,0.98921936663779,0.9842926922708553,160.26258993148804,randomized
Decision Tree,"{'max_depth': None, 'min_samples_split': 2}",0.9583253312848089,0.9606314370969294,0.9594769985098303,109.95165419578552,grid
Naive Bayes,{'alpha': 0.1},0.9523023120264231,0.9435941861584368,0.9479282502538317,0.06634235382080078,grid
